<?xml version="1.0" encoding="UTF-8"?>
<!-- Generated by Apache ServiceMix Archetype -->
<beans xmlns="http://www.springframework.org/schema/beans"
    xmlns:xsi="http://www.w3.org/2001/XMLSchema-instance"
    xmlns:cxf="http://camel.apache.org/schema/cxf"
    xmlns:proxy="http://webservice.caaers.cabig.nci.nih.gov/GenericProcessor/"
    xmlns:context="http://www.springframework.org/schema/context"
    xsi:schemaLocation="
       http://www.springframework.org/schema/beans http://www.springframework.org/schema/beans/spring-beans-2.5.xsd
       http://www.springframework.org/schema/context http://www.springframework.org/schema/context/spring-context-2.5.xsd
       http://camel.apache.org/schema/cxf http://camel.apache.org/schema/cxf/camel-cxf.xsd
       http://camel.apache.org/schema/spring http://camel.apache.org/schema/spring/camel-spring.xsd">

    <context:annotation-config />
    <camelContext id="camel" xmlns="http://camel.apache.org/schema/spring">
    	<package>gov.nih.nci.cabig.caaers2adeers</package> 
    </camelContext>
    
    <!-- <bean class="org.apache.camel.component.cxf.transport.CamelTransportFactory">
	  <property name="bus" ref="cxf" />
	  <property name="camelContext" ref="camel" />
	  <property name="checkException" value="true" />
	  <property name="transportIds">
	    <list>
	      <value>http://cxf.apache.org/transports/camel</value>
	    </list>
	  </property>
	</bean>
	
	<cxf:cxfEndpoint id="genericProcessor" address="s[GENERIC_PROCESSOR_WS_BINDING_URL]"
					wsdlURL="classpath:GenericProcessor.wsdl"
					serviceName="proxy:GenericProcessor" 
					endpointName="proxy:GenericProcessorSOAP"
					>
		<cxf:properties>
			<entry key="dataFormat" value="MESSAGE"/>
			<entry key="synchronous" value="true"/>
		</cxf:properties>
	</cxf:cxfEndpoint> -->
	
    <bean id="messageSource"
          class="org.springframework.context.support.ResourceBundleMessageSource">
        <property name="basename">
            <value>classpath:caxchange.properties</value>
        </property>
    </bean>

    <bean id="propertyConfigurer"
          class="org.springframework.beans.factory.config.PropertyPlaceholderConfigurer">
        <property name="location">
            <value>classpath:caxchange.properties</value>
        </property>
        <property name="placeholderPrefix"><value>s[</value></property>
        <property name="placeholderSuffix"><value>]</value></property>
        <property name="ignoreResourceNotFound"><value>true</value></property>
        <property name="ignoreUnresolvablePlaceholders"><value>true</value></property>
    </bean>
    <bean id="dataSource" class="org.springframework.jdbc.datasource.DriverManagerDataSource">
        <property name="driverClassName" value="s[caaers.datasource.driver]"/>
        <property name="url" value="s[caaers.datasource.url]"/>
        <property name="username" value="s[caaers.datasource.username]"/>
        <property name="password" value="s[caaers.datasource.password]"/>
    </bean>

    <bean id="integrationLogDao" class="gov.nih.nci.cabig.caaers2adeers.track.IntegrationLogDao">
       <property name="hibernateTemplate" ref="hibernateTemplate" />
    </bean>
    <bean id="headerGeneratorProcessor" class="gov.nih.nci.cabig.caaers2adeers.exchnage.HeaderGeneratorProcessor"/>
    <bean id="exchangePreProcessor" class="gov.nih.nci.cabig.caaers2adeers.exchnage.ExchangePreProcessor">
        <property name="caaersWSUser" value="s[CAAERS_WS_USERNAME]" />
        <property name="caaersWSPassword" value="s[CAAERS_WS_PASSWORD]" />
        <property name="adeersWSUser" value="s[ADEERS_WS_USERNAME]" />
        <property name="adeersWSPassword" value="s[ADEERS_WS_PASSWORD]" />
    </bean>
    <bean id="xslt" class="gov.nih.nci.cabig.caaers2adeers.xslt.CustomXsltComponent" />
    
    <bean id="sessionFactory" class="org.springframework.orm.hibernate3.annotation.AnnotationSessionFactoryBean">
    	<property name="dataSource" ref="dataSource" />
    	<property name="namingStrategy" ref="wonderfulNamingStrategy" />
    	<property name="annotatedClasses">
            <list>
                <value>gov.nih.nci.cabig.caaers2adeers.track.IntegrationLog</value>
                <value>gov.nih.nci.cabig.caaers2adeers.track.IntegrationLogDetail</value>
            </list>
		</property>
		<property name="hibernateProperties" ref="hibernateProperties" /> 
    </bean>
    <bean id="wonderfulNamingStrategy" class="gov.nih.nci.cabig.caaers2adeers.hibernate.WonderfulNamingStrategy">
      <property name="uppercaseColumnNames">
       <value>empty_empty</value>
      </property>
     </bean>
     <bean id="hibernateProperties" class="gov.nih.nci.cabig.caaers2adeers.hibernate.HibernatePropertiesFactoryBean">
        <property name="dialectName">
            <value>s[caaers.datasource.dialect]</value>
        </property>
        <property name="properties">
            <props>
                <prop key="hibernate.query.substitutions">true 1, false 0, yes 'Y', no 'N'</prop>
                <prop key="hibernate.jdbc.batch_size">30</prop>
                <prop key="hibernate.jdbc.fetch_size">10</prop>

                <!-- make sure the below properties are set to false in production -->
                <prop key="hibernate.show_sql">false</prop>
                <prop key="hibernate.format_sql">false</prop>
                <prop key="hibernate.use_sql_comments">false</prop>
                <prop key="hibernate.generate_statistics">false</prop>

                <!-- caching -->
                <!-- <prop key="hibernate.cache.use_second_level_cache">true</prop>
                <prop key="hibernate.cache.provider_class">org.hibernate.cache.SingletonEhCacheProvider</prop> -->

            </props>
        </property>
    </bean>
     
     <bean id="hibernateTemplate" class="org.springframework.orm.hibernate3.HibernateTemplate">
        <property name="checkWriteOperations">
            <value>false</value>
        </property>
        <property name="sessionFactory">
            <ref bean="sessionFactory"/>
        </property>
    </bean>
     <bean id="fileTracker" class="gov.nih.nci.cabig.caaers2adeers.track.FileTracker">
         <property name="folder" value="s[payloadDir]" />
     </bean>

    <!--=================Route Builders & Cron Jobs Payload related ====================-->

    <bean id="toAdeersRouteBuilder" class="gov.nih.nci.cabig.caaers2adeers.ToAdeersRouteBuilder"/>
    <bean id="toCaaersClientRouteBuilder" class="gov.nih.nci.cabig.caaers2adeers.ToCaaersClientRouteBuilder"/>
    <bean id="toCaaersWebserviceRouteBuilder" class="gov.nih.nci.cabig.caaers2adeers.ToCaaersWebserviceRouteBuilder"/>
    <bean id="cronJobRouteBuilder" class="gov.nih.nci.cabig.caaers2adeers.CronJobRouteBuilder">
    	<property name="cronExpressions">
    		<map>
    			<entry><key><value>AGENT</value></key><value>s[agentLovCronExpression]</value></entry>
    			<entry><key><value>AGENT_UOM</value></key><value>s[agentDoseLovCronExpression]</value></entry>
    			<entry><key><value>ASAEL</value></key><value>s[asaelLovCronExpression]</value></entry>
    			<entry><key><value>DEVICE</value></key><value>s[deviceLovCronExpression]</value></entry>
    			<entry><key><value>PRIOR_THERAPY</value></key><value>s[priorTherapyLovCronExpression]</value></entry>
    			<entry><key><value>PRE_EXISTING_CONDITION</value></key><value>s[preExistingConditionLovCronExpression]</value></entry>
    			<entry><key><value>ORGANIZATION</value></key><value>s[organizationLovCronExpression]</value></entry>
    			<entry><key><value>MERGED_ORGANIZATION</value></key><value>s[mergedOrganizationCronExpression]</value></entry>
    		</map>
    	</property>
    	<property name="garbageCollectionCronExpression" value="s[garbageCollectionCronExpression]"/>
    </bean>
    <bean id="payloadGenerator" class="gov.nih.nci.cabig.caaers2adeers.cronjob.PayloadGenerator" />
</beans>
